<feed xml:base='http://186.83.134.37/v1/Programa_Presidencia_Colombia_Joven/' xmlns:d='http://schemas.microsoft.com/ado/2007/08/dataservices' xmlns:m='http://schemas.microsoft.com/ado/2007/08/dataservices/metadata' xmlns='http://www.w3.org/2005/Atom'>
              <title type='text'>informaciongolombiao</title>
              <id>http://186.83.134.37/v1/Programa_Presidencia_Colombia_Joven/informaciongolombiao</id>
              <updated>2013-11-27T00:42:39Z</updated>
              <link rel='self' title='informaciongolombiao' href='informaciongolombiao'/> 
  <entry><id></id><title type='text'/><updated></updated><author><name/></author><link rel='edit'/><category scheme='http://schemas.microsoft.com/ado/2007/08/dataservices/scheme'/><content type='application/xml'><m:properties>
    <d:PartitionKey>ECBF10BC-C853-439D-A75B-5BC9E87016B8</d:PartitionKey>
    <d:RowKey>C4C1E121-7D68-4C1A-800C-8A2EAC82C160</d:RowKey>
    <d:tipoinformacion>Definición</d:tipoinformacion>
    <d:enunciado>¿Qué es Golombiao?</d:enunciado>
    <d:implicados />
    <d:descripcion>La metodología de juego Golombiao consiste en la adaptación del fútbol o de cualquier otro deporte colectivo en donde dos equipos contrarios se encuentran para disputar algo; con nuevas reglas; de carácter pedagógico; se busca que el deporte no se limite a una práctica competitiva; y que se convierta en una herramienta de convivencia; basada en el establecimiento; la concertación y el cumplimiento de acuerdos en la cancha.</d:descripcion>
    <d:objetivos>Cada equipo y territorio debe tener diferencia fisicas; cualidades y habilidades tanto dentro como fuera de la cancha. Como por ejemplo más rapidos; con mas control del balon o mas fuertes en el principio de no violencia o de participación activa etc.</d:objetivos>
  </m:properties></content></entry>
  <entry><id></id><title type='text'/><updated></updated><author><name/></author><link rel='edit'/><category scheme='http://schemas.microsoft.com/ado/2007/08/dataservices/scheme'/><content type='application/xml'><m:properties>
    <d:PartitionKey>3BFB8A6A-34A6-4BF6-B809-7569E986314E</d:PartitionKey>
    <d:RowKey>CE0E45D9-9BC6-4210-B561-CE8CBD65C893</d:RowKey>
    <d:tipoinformacion>Regla</d:tipoinformacion>
    <d:enunciado>Jugadores</d:enunciado>
    <d:implicados />
    <d:descripcion>Hombres y mujeres; niños; niñas; adolescentes y jóvenes organizados en equipos mixtos de preferiblemente diez (10) jugadores; que deben estar interesados en reflexionar; dentro y fuera del juego; sobre la convivencia; la participación y el género.</d:descripcion>
    <d:objetivos>Esta regla busca promover actitudes que favorezcan la participación activa; la no discriminación; la igualdad y la equidad de género</d:objetivos>
  </m:properties></content></entry>
  <entry><id></id><title type='text'/><updated></updated><author><name/></author><link rel='edit'/><category scheme='http://schemas.microsoft.com/ado/2007/08/dataservices/scheme'/><content type='application/xml'><m:properties>
    <d:PartitionKey>7E7E037F-93A0-48E7-B412-70B95146911A</d:PartitionKey>
    <d:RowKey>4BD441A5-C347-4AB7-A528-F677D82514C9</d:RowKey>
    <d:tipoinformacion>Regla</d:tipoinformacion>
    <d:enunciado>Primer Gol</d:enunciado>
    <d:implicados />
    <d:descripcion>Es importante insistir en que las adaptaciones pueden hacerse a todos los deportes y juegos en los que dos equipos contrarios se encuentren en el mismo campo para disputar algo.</d:descripcion>
    <d:objetivos>Esta regla promueve la participación activa; el trabajo en equipo; el fortalecimiento de la autoestima; la igualdad y la equidad de género;  pues busca que el aporte de cada miembro del equipo sea reconocido para el logro del resultado final; con un especial énfasis en la participación activa de la mujer</d:objetivos>
  </m:properties></content></entry>
  <entry><id></id><title type='text'/><updated></updated><author><name/></author><link rel='edit'/><category scheme='http://schemas.microsoft.com/ado/2007/08/dataservices/scheme'/><content type='application/xml'><m:properties>
    <d:PartitionKey>BECF5F11-3A05-4BD3-AC10-5101D46F29CD</d:PartitionKey>
    <d:RowKey>346BB4D3-31E2-4D1B-B55B-572F0219F9D4</d:RowKey>
    <d:tipoinformacion>Regla</d:tipoinformacion>
    <d:enunciado>Sin Arbitro</d:enunciado>
    <d:implicados />
    <d:descripcion>No hay árbitro sino asesores de juego; encargados de facilitar el proceso. Ante la ausencia de una figura de poder (un árbitro que tenga la responsabilidad de resolver las diferencias o conflictos);</d:descripcion>
    <d:objetivos>Esta regla promueve el principio de la no violencia; el de cuidarse y cuidar al otro; la tolerancia y la resolución pacífica de conflictos. También genera un mayor compromiso de los jugadores; pues los obliga a encontrar la manera de resolver las diferencias que surgen en la cancha.</d:objetivos>
  </m:properties></content></entry>
  <entry><id></id><title type='text'/><updated></updated><author><name/></author><link rel='edit'/><category scheme='http://schemas.microsoft.com/ado/2007/08/dataservices/scheme'/><content type='application/xml'><m:properties>
    <d:PartitionKey>E00EF57E-1068-49E5-83CE-403F09046CB6</d:PartitionKey>
    <d:RowKey>A93F8016-3913-4CCA-B4DB-732C3F6D22EC</d:RowKey>
    <d:tipoinformacion>Regla</d:tipoinformacion>
    <d:enunciado>Principios de Convivencia.</d:enunciado>
    <d:implicados />
    <d:descripcion>Al iniciar el encuentro Golombiao se elige y reflexiona sobre los principios de convivencia. Estos sirven de marco conceptual y horizonte de sentido para la estrategia del Golombiao. Una vez el grupo completo de jugadores de Golombiao ha elegido uno de los principios propuestos por la propuesta metodológica; se definen acuerdos de convivencia que deben ser cumplidos durante el desarrollo del encuentro.</d:descripcion>
    <d:objetivos>A partir de esta regla se promueven principios como el de la libertad de expresión; la participación activa; la responsabilidad y la concertación.</d:objetivos>
  </m:properties></content></entry>
  <entry><id></id><title type='text'/><updated></updated><author><name/></author><link rel='edit'/><category scheme='http://schemas.microsoft.com/ado/2007/08/dataservices/scheme'/><content type='application/xml'><m:properties>
    <d:PartitionKey>66DFFFC8-5377-4234-A264-0734A666102A</d:PartitionKey>
    <d:RowKey>0BD73338-C101-4071-BBC3-97C10BEFEAA9</d:RowKey>
    <d:tipoinformacion>Regla</d:tipoinformacion>
    <d:enunciado>Evalucación</d:enunciado>
    <d:implicados />
    <d:descripcion>Al finalizar el encuentro; se evalúa el cumplimiento de los acuerdos de convivencia; además; junto a los goles obtenidos; los equipos; de manera concertada; otorgan los puntos correspondientes. La calificación es un ejercicio colectivo en el que participan los jugadores de los dos equipos que participaron en el encuentro.</d:descripcion>
    <d:objetivos>Así se promueve la libertad de expresión; la participación activa; la honestidad; la capacidad de autocrítica; la responsabilidad y la concertación.</d:objetivos>
  </m:properties></content></entry>
  <entry><id></id><title type='text'/><updated></updated><author><name/></author><link rel='edit'/><category scheme='http://schemas.microsoft.com/ado/2007/08/dataservices/scheme'/><content type='application/xml'><m:properties>
    <d:PartitionKey>D6358088-5620-41B1-9C63-E730C037D1FA</d:PartitionKey>
    <d:RowKey>6670253B-5900-4E87-90E7-D657EE80A218</d:RowKey>
    <d:tipoinformacion>Regla</d:tipoinformacion>
    <d:enunciado>Acuerdos tecnicos</d:enunciado>
    <d:implicados />
    <d:descripcion>Los acuerdos técnicos se definen según algunas de las reglas técnicas básicas del microfútbol. Los miembros de los equipos Golombiao y el equipo de facilitación local (asesores de juego y facilitador local) las complementan con los acuerdos que consideren necesarios para el juego; por ejemplo: la duración de los tiempos de juego; los saque de meta (el arquero con su saque no podrá pasar el balón más allá de la mitad de la cancha; el arquero no podrá salir a jugar fuera de su área; etc.).</d:descripcion>
    <d:objetivos>Estos acuerdos técnicos no son una imposición de la ruta metodológica de la estrategia; y pueden ser tan flexibles como lo requieran los participantes.</d:objetivos>
  </m:properties></content></entry>
  <entry><id></id><title type='text'/><updated></updated><author><name/></author><link rel='edit'/><category scheme='http://schemas.microsoft.com/ado/2007/08/dataservices/scheme'/><content type='application/xml'><m:properties>
    <d:PartitionKey>56015188-8416-424B-9A31-0BC98F8885BB</d:PartitionKey>
    <d:RowKey>7C14C0CB-A385-43CD-94FE-4F8082CDD41E</d:RowKey>
    <d:tipoinformacion>Participantes</d:tipoinformacion>
    <d:enunciado>Asesores de juego</d:enunciado>
    <d:implicados />
    <d:descripcion>Son jóvenes habitantes de sector en el que se implementa la estrategia; desarrollan un trabajo voluntario y son responsables de orientar los encuentros del Golombiao en el proceso lúdico; así como de propiciar la reflexión en los temas de convivencia; participación y género.</d:descripcion>
    <d:objetivos>1) Participar activamente en el proceso de transferencia de los contenidos de la metodología de juego. 2) Promover la reflexión; entre los jóvenes jugadores; de los principios de la convivencia; durante la dinámica del juego. 3) Mantener una posición neutral frente a los posibles conflictos que puedan generarse entre los integrantes de los equipos durante los encuentros Golombiao. 4) Apoyar a los jugadores en la resolución de una disputa; cuando esta no haya sido resuelta por ellos mismos. 5) Orientar y no tener preferencia por ningún equipo con el fin de garantizar una asesoría imparcial.</d:objetivos>
  </m:properties></content></entry>
  <entry><id></id><title type='text'/><updated></updated><author><name/></author><link rel='edit'/><category scheme='http://schemas.microsoft.com/ado/2007/08/dataservices/scheme'/><content type='application/xml'><m:properties>
    <d:PartitionKey>0AB8DE9A-4BBA-46BD-A8A4-D9DE0E484602</d:PartitionKey>
    <d:RowKey>9AE05726-A83C-4971-B861-8589E951ED23</d:RowKey>
    <d:tipoinformacion>Participantes</d:tipoinformacion>
    <d:enunciado>Los jugadores</d:enunciado>
    <d:implicados />
    <d:descripcion>Hombres y mujeres; niños; niñas; adolescentes y jóvenes organizados en equipos mixtos de preferiblemente diez (10) jugadores; que deben estar interesados en reflexionar; dentro y fuera del juego; sobre la convivencia; la participación y el género.</d:descripcion>
    <d:objetivos>1) Participar activamente en las actividades programadas en el marco de la implementación del torneo Golombiao.</d:objetivos>
  </m:properties></content></entry>
  <entry><id></id><title type='text'/><updated></updated><author><name/></author><link rel='edit'/><category scheme='http://schemas.microsoft.com/ado/2007/08/dataservices/scheme'/><content type='application/xml'><m:properties>
    <d:PartitionKey>43B21E76-0E9E-4A70-9303-7077413F1239</d:PartitionKey>
    <d:RowKey>9E93960D-9DEC-4106-884D-8EBAB4537685</d:RowKey>
    <d:tipoinformacion>Participantes</d:tipoinformacion>
    <d:enunciado>Las barras</d:enunciado>
    <d:implicados />
    <d:descripcion>Son grupos de la comunidad; conformados por las familias; por los amigos de los jugadores de los diferentes equipos y los habitantes del sector en el que se está desarrollando el partido de Golombiao.</d:descripcion>
    <d:objetivos>1)Promover; durante el encuentro Golombiao; a los equipos de manera positiva y en concordancia con los elementos de convivencia; participación y género. 2) Cuidar el entorno.</d:objetivos>
  </m:properties></content></entry>
  <entry><id></id><title type='text'/><updated></updated><author><name/></author><link rel='edit'/><category scheme='http://schemas.microsoft.com/ado/2007/08/dataservices/scheme'/><content type='application/xml'><m:properties>
    <d:PartitionKey>741F3C38-A868-455A-95BD-A30E201D4681</d:PartitionKey>
    <d:RowKey>3768E8CA-2B73-4C65-A636-67DC77FD1834</d:RowKey>
    <d:tipoinformacion>Momento del juego</d:tipoinformacion>
    <d:enunciado>Antes de iniciar el juego</d:enunciado>
    <d:implicados>Los jugadores y el asesor de Juego</d:implicados>
    <d:descripcion>Los asesores de juego se reúnen con los jugadores en el centro del campo para dar inicio al juego. En este momento se presentan a los jugadores los principios de convivencia de los cuales se elige uno. Luego cada equipo se reunirá durante tres (3) minutos para plantear sus ideas sobre lo que entienden del principio de convivencia y de las razones por las cuales este principio es importante para ellos y para el contexto (municipio; barrio; vereda) en el que se encuentran.  A partir de esta elección se definen los acuerdos de convivencia que van a orientar el encuentro. Estos acuerdos de convivencia deben: i) estar relacionados con el principio de convivencia elegido; ii) ser importantes para los jugadores y iii) ser pertinentes al contexto en el que se juega. Los resultados de las reflexiones de cada equipo son presentados al otro equipo para su concertación.</d:descripcion>
    <d:objetivos />
  </m:properties></content></entry>
  <entry><id></id><title type='text'/><updated></updated><author><name/></author><link rel='edit'/><category scheme='http://schemas.microsoft.com/ado/2007/08/dataservices/scheme'/><content type='application/xml'><m:properties>
    <d:PartitionKey>B975F8D0-D7BB-488A-B0D4-F6C6E73102C0</d:PartitionKey>
    <d:RowKey>8996D87C-8568-4D1F-81B6-FB11EA84513F</d:RowKey>
    <d:tipoinformacion>Momento del juego</d:tipoinformacion>
    <d:enunciado>Durante el desarrollo del juego</d:enunciado>
    <d:implicados>Los jugadores; el asesor de juego; barras y público asistente al encuentro Golombiao</d:implicados>
    <d:descripcion>Es el momento en que los jugadores de los dos equipos juegan el partido. Cuando en el desarrollo de un encuentro Golombiao se presenta un conflicto; los jugadores tendrán siempre un tiempo prudencial para resolver sus diferencias. En caso de que surja alguna agresión o alguien acuda a la violencia; el asesor de juego debe intervenir promoviendo permanentemente el diálogo y la concertación entre los involucrados. Si se presenta un conflicto y los equipos no llegan a un acuerdo; los asesores de juego deben intervenir como mediadores; para propiciar el trámite positivo del mismo. Durante el encuentro los miembros de los diferentes equipos; especialmente el delegado del equipo; deben recordar a las barras y al público asistente los acuerdos de convivencia; y los invitaran a animar a sus equipos de manera respetuosa y sin agresiones de ningún tipo.</d:descripcion>
    <d:objetivos />
  </m:properties></content></entry>
  <entry><id></id><title type='text'/><updated></updated><author><name/></author><link rel='edit'/><category scheme='http://schemas.microsoft.com/ado/2007/08/dataservices/scheme'/><content type='application/xml'><m:properties>
    <d:PartitionKey>E62891F8-D5F4-4238-A172-48A2B59E575D</d:PartitionKey>
    <d:RowKey>0FC7857A-8BE9-4DBB-BD3A-5D6AE1CD168E</d:RowKey>
    <d:tipoinformacion>Momento del juego</d:tipoinformacion>
    <d:enunciado>Después del juego</d:enunciado>
    <d:implicados>Los jugadores; el asesor de juego; barras y público asistente al encuentro Golombiao</d:implicados>
    <d:descripcion>El momento 3 es el espacio en el cual los asesores de juego y los jugadores analizan y evalúan el juego desarrollado con base en las reglas básicas; los acuerdos técnicos y los principios de convivencia definidos al inicio del juego. Es también un momento para reflexionar sobre lo sucedido en la cancha; y relacionarlo con la vida cotidiana de los adolescentes y jóvenes. También es momento de hacer más claro lo que sucedió; y sacar lecciones de esto: qué vamos a hacer en los próximos juegos; qué haremos al respecto en nuestra vida personal; cómo podemos incorporar lo que aprendimos en al cancha para mejorar nuestro comportamiento y para desarrollar nuestras habilidades; etc.</d:descripcion>
    <d:objetivos />
  </m:properties></content></entry>
  <entry><id></id><title type='text'/><updated></updated><author><name/></author><link rel='edit'/><category scheme='http://schemas.microsoft.com/ado/2007/08/dataservices/scheme'/><content type='application/xml'><m:properties>
    <d:PartitionKey>261F6372-5353-4C17-AEFA-2A607D75108F</d:PartitionKey>
    <d:RowKey>2103B37C-FEE4-4EF4-9E9A-B2DD2B7E51DE</d:RowKey>
    <d:tipoinformacion>Principio</d:tipoinformacion>
    <d:enunciado>No Violencia</d:enunciado>
    <d:implicados />
    <d:descripcion>Es una práctica o forma de comportarse que consiste en no usar la violencia como método de protesta o como respuesta al ejerció de violencia. No utilizo la violencia como una forma de relación con los demás.  A la violencia no respondo con más violencia.</d:descripcion>
    <d:objetivos />
  </m:properties></content></entry>
  <entry><id></id><title type='text'/><updated></updated><author><name/></author><link rel='edit'/><category scheme='http://schemas.microsoft.com/ado/2007/08/dataservices/scheme'/><content type='application/xml'><m:properties>
    <d:PartitionKey>A39880C2-5A46-4E2A-9C6C-C07EC91047D2</d:PartitionKey>
    <d:RowKey>F8CC1CAB-BFCB-47CD-BE2F-BE42E17BFF02</d:RowKey>
    <d:tipoinformacion>Principio</d:tipoinformacion>
    <d:enunciado>Igualdad</d:enunciado>
    <d:implicados />
    <d:descripcion>Las personas y ciudadanos de una misma sociedad; comunidad o país tienen los mismos derechos; obligaciones; bienes; beneficios; oportunidades o acceso a estos. La igualdad es una virtud ética y política que exige tratar a todos los seres humanos con el mismo rasero por ser a la vez portadores de la misma dignidad eminente y titulares de los mismos derechos fundamentales.</d:descripcion>
    <d:objetivos />
  </m:properties></content></entry>
  <entry><id></id><title type='text'/><updated></updated><author><name/></author><link rel='edit'/><category scheme='http://schemas.microsoft.com/ado/2007/08/dataservices/scheme'/><content type='application/xml'><m:properties>
    <d:PartitionKey>A066C9E7-B71C-4F28-A256-8B773D85DC0C</d:PartitionKey>
    <d:RowKey>DC3EE67D-304F-48D3-A733-5073E13BF39B</d:RowKey>
    <d:tipoinformacion>Principio</d:tipoinformacion>
    <d:enunciado>Libertad de Expresión</d:enunciado>
    <d:implicados />
    <d:descripcion>Todo individuo; hombre o mujer; tiene derechos a la libertad de opinión y de expresión. Nadie puede ser molestado a causa de sus opiniones. Toda persona tiene derecho a investigar; a recibir informaciones y opiniones y a difundirlas sin limitación de fronteras; por cualquier medio de expresión (artículo 19; Constitución Política de Colombia).</d:descripcion>
    <d:objetivos />
  </m:properties></content></entry>
  <entry><id></id><title type='text'/><updated></updated><author><name/></author><link rel='edit'/><category scheme='http://schemas.microsoft.com/ado/2007/08/dataservices/scheme'/><content type='application/xml'><m:properties>
    <d:PartitionKey>7F92983B-71CB-48CD-B5C0-48B93CEDC693</d:PartitionKey>
    <d:RowKey>2AC2CBE9-734B-4897-987A-04B90C4CDA39</d:RowKey>
    <d:tipoinformacion>Principio</d:tipoinformacion>
    <d:enunciado>Participación Activa</d:enunciado>
    <d:implicados />
    <d:descripcion>Todas las personas tienen derecho a movilizarse e incidir en asuntos de su interés o que les afecten; mediante formas y espacios reglamentados y/o alternativos que se generan según las dinámicas propias de cada territorio. Toda persona tiene el derecho a participar en el gobierno de su país directamente o por medio de representantes libremente escogidos (artículo 21; Constitución Política de Colombia)</d:descripcion>
    <d:objetivos />
  </m:properties></content></entry>
  <entry><id></id><title type='text'/><updated></updated><author><name/></author><link rel='edit'/><category scheme='http://schemas.microsoft.com/ado/2007/08/dataservices/scheme'/><content type='application/xml'><m:properties>
    <d:PartitionKey>CF69A695-6864-4CD7-97CD-4D8BE5C5F532</d:PartitionKey>
    <d:RowKey>9A9A5265-D122-4003-A8A6-029374D2BA85</d:RowKey>
    <d:tipoinformacion>Principio</d:tipoinformacion>
    <d:enunciado>No Discriminación</d:enunciado>
    <d:implicados />
    <d:descripcion>Es el acto de “NO” hacer una distinción o segregación que atente contra la igualdad de oportunidades. Normalmente se utiliza para referirse a la “garantía” de la igualdad de derechos para los individuos por cuestión social; racial; religiosa; orientación sexual o por razón de género.</d:descripcion>
    <d:objetivos />
  </m:properties></content></entry>
  <entry><id></id><title type='text'/><updated></updated><author><name/></author><link rel='edit'/><category scheme='http://schemas.microsoft.com/ado/2007/08/dataservices/scheme'/><content type='application/xml'><m:properties>
    <d:PartitionKey>E7246EC4-3099-400D-81B8-423D6EE51AF3</d:PartitionKey>
    <d:RowKey>FB728CA3-11A4-4294-A85C-57FF328D562C</d:RowKey>
    <d:tipoinformacion>Principio</d:tipoinformacion>
    <d:enunciado>Cuidar el Entorno</d:enunciado>
    <d:implicados />
    <d:descripcion>Aprender a convivir en sociedad es ante todo aprender a estar en el mundo; cuidando del lugar donde estamos todos. La convivencia social es posible si aceptamos que somos parte de la naturaleza y del universo; pero que en ningún momento somos superiores a ellos. No somos “los amos de la naturaleza”.</d:descripcion>
    <d:objetivos />
  </m:properties></content></entry>
  <entry><id></id><title type='text'/><updated></updated><author><name/></author><link rel='edit'/><category scheme='http://schemas.microsoft.com/ado/2007/08/dataservices/scheme'/><content type='application/xml'><m:properties>
    <d:PartitionKey>A1654ABC-D965-410E-A5C9-9BF15D2F0EB9</d:PartitionKey>
    <d:RowKey>C19F46B4-5BB3-4340-8673-E270CFCA9F4E</d:RowKey>
    <d:tipoinformacion>Principio</d:tipoinformacion>
    <d:enunciado>Cuidarse y cuidar el otro</d:enunciado>
    <d:implicados />
    <d:descripcion>Aprender a cuidarse supone aprender a proteger la salud propia y la de todos como un bien social; y aprender a tener una percepción positiva del cuerpo. Cuidarse no es un ejercicio de carácter individual ni egoísta; pues el reconocimiento y valoración del cuidado del bienestar colectivo redunda en el bienestar propio.</d:descripcion>
    <d:objetivos />
  </m:properties></content></entry>
 </feed>